"Data Source","World Development Indicators",

"Last Updated Date","2022-12-22",

"Country Name","Country Code","Indicator Name","Indicator Code","1960","1961","1962","1963","1964","1965","1966","1967","1968","1969","1970","1971","1972","1973","1974","1975","1976","1977","1978","1979","1980","1981","1982","1983","1984","1985","1986","1987","1988","1989","1990","1991","1992","1993","1994","1995","1996","1997","1998","1999","2000","2001","2002","2003","2004","2005","2006","2007","2008","2009","2010","2011","2012","2013","2014","2015","2016","2017","2018","2019","2020","2021",
"Aruba","ABW","Number of deaths ages 15-19 years","SH.DTH.1519","","","","","","","","","","","","","","","","","","","","","","","","","","","","","","","","","","","","","","","","","","","","","","","","","","","","","","","","","","","","","","",
"Africa Eastern and Southern","AFE","Number of deaths ages 15-19 years","SH.DTH.1519","","","","","","","","","","","","","","","","","","","","","","","","","","","","","","","122583","124543","129300","136968","198133","141777","146903","147442","149307","153092","151006","150433","149757","148999","148193","147379","146099","145105","145401","144320","144688","145133","146145","147377","149002","149721","150505","151020","151429","151865","152227","",
"Afghanistan","AFG","Number of deaths ages 15-19 years","SH.DTH.1519","","","","","","","","","","","","","","","","","","","","","","","","","","","","","","","5344","5377","5484","5600","5621","5548","5307","5020","4717","4457","4271","4166","4107","4072","4055","4077","4106","4230","4487","4922","5555","6416","7467","8675","9889","10922","11583","11908","12044","12081","12079","",
"Africa Western and Central","AFW","Number of deaths ages 15-19 years","SH.DTH.1519","","","","","","","","","","","","","","","","","","","","","","","","","","","","","","","75178","74285","75011","75883","76708","77805","78107","78802","79507","80209","80859","81356","81882","82643","83046","83675","83954","84366","84842","85408","86158","86859","87780","88863","90094","91372","92134","93064","93672","94396","94507","",
"Angola","AGO","Number of deaths ages 15-19 years","SH.DTH.1519","","","","","","","","","","","","","","","","","","","","","","","","","","","","","","","6996","7252","7478","7685","7904","8146","8369","8600","8827","9047","9237","9371","9481","9556","9575","9558","9458","9346","9211","9066","8928","8770","8619","8503","8433","8413","8439","8501","8577","8670","8794","",
"Albania","ALB","Number of deaths ages 15-19 years","SH.DTH.1519","","","","","","","","","","","","","","","","","","","","","","","","","","","","","","","209","216","220","222","223","226","224","268","216","207","196","185","176","169","166","164","160","156","153","150","148","144","137","128","116","104","94","85","78","71","64","",
"Andorra","AND","Number of deaths ages 15-19 years","SH.DTH.1519","","","","","","","","","","","","","","","","","","","","","","","","","","","","","","","3","3","3","3","3","2","2","2","2","2","2","2","2","2","2","2","2","2","1","1","1","1","1","1","1","1","1","1","1","1","1","",
"Arab World","ARB","Number of deaths ages 15-19 years","SH.DTH.1519","","","","","","","","","","","","","","","","","","","","","","","","","","","","","","","37248","37561","36496","36799","37397","37747","38123","38316","38322","38182","38053","38070","38180","38307","38384","38429","38539","38452","39457","38589","38795","39258","42047","43472","43622","43086","42393","42021","42634","41869","41059","",
"United Arab Emirates","ARE","Number of deaths ages 15-19 years","SH.DTH.1519","","","","","","","","","","","","","","","","","","","","","","","","","","","","","","","89","95","96","96","94","93","105","114","117","116","115","133","143","146","145","143","179","201","204","189","166","175","180","179","172","159","179","189","192","189","181","",
"Argentina","ARG","Number of deaths ages 15-19 years","SH.DTH.1519","","","","","","","","","","","","","","","","","","","","","","","","","","","","","","","2060","2105","2182","2273","2355","2423","2476","2515","2541","2559","2566","2541","2495","2443","2402","2390","2430","2517","2617","2706","2777","2828","2844","2812","2740","2651","2560","2471","2376","2273","2172","",
"Armenia","ARM","Number of deaths ages 15-19 years","SH.DTH.1519","","","","","","","","","","","","","","","","","","","","","","","","","","","","","","","134","143","187","234","244","222","193","165","142","125","115","108","106","108","111","114","115","115","115","116","114","104","92","87","92","101","106","104","92","73","58","",
"American Samoa","ASM","Number of deaths ages 15-19 years","SH.DTH.1519","","","","","","","","","","","","","","","","","","","","","","","","","","","","","","","","","","","","","","","","","","","","","","","","","","","","","","","","","","","","","","",
"Antigua and Barbuda","ATG","Number of deaths ages 15-19 years","SH.DTH.1519","","","","","","","","","","","","","","","","","","","","","","","","","","","","","","","8","7","7","7","7","6","6","6","6","6","6","6","5","5","5","5","5","5","5","5","5","5","5","5","5","5","4","4","4","4","4","",
"Australia","AUS","Number of deaths ages 15-19 years","SH.DTH.1519","","","","","","","","","","","","","","","","","","","","","","","","","","","","","","","904","836","777","734","713","715","724","739","746","729","687","646","609","580","560","548","550","545","533","518","503","495","484","469","455","445","443","448","458","472","488","",
"Austria","AUT","Number of deaths ages 15-19 years","SH.DTH.1519","","","","","","","","","","","","","","","","","","","","","","","","","","","","","","","365","356","346","334","321","306","290","280","274","269","264","264","261","256","250","243","235","227","218","207","193","180","166","152","141","132","127","124","123","121","119","",
"Azerbaijan","AZE","Number of deaths ages 15-19 years","SH.DTH.1519","","","","","","","","","","","","","","","","","","","","","","","","","","","","","","","403","607","1190","1690","1336","850","647","605","594","556","513","486","478","486","505","523","527","519","541","493","478","459","468","423","411","396","369","345","338","356","675","",
"Burundi","BDI","Number of deaths ages 15-19 years","SH.DTH.1519","","","","","","","","","","","","","","","","","","","","","","","","","","","","","","","3222","3459","3755","7239","4395","4613","4636","4571","4423","4232","4026","3810","3613","3425","3222","2992","2755","2533","2345","2205","2112","2048","2010","1986","1981","1990","2000","2010","2032","2048","2066","",
"Belgium","BEL","Number of deaths ages 15-19 years","SH.DTH.1519","","","","","","","","","","","","","","","","","","","","","","","","","","","","","","","411","396","381","367","354","341","330","323","318","313","306","298","287","272","258","245","236","229","222","215","206","197","187","176","166","157","150","143","138","133","129","",
"Benin","BEN","Number of deaths ages 15-19 years","SH.DTH.1519","","","","","","","","","","","","","","","","","","","","","","","","","","","","","","","1523","1516","1512","1519","1525","1529","1532","1534","1538","1542","1553","1563","1576","1593","1615","1642","1674","1720","1779","1853","1943","2043","2158","2283","2419","2549","2680","2790","2865","2909","2927","",
"Burkina Faso","BFA","Number of deaths ages 15-19 years","SH.DTH.1519","","","","","","","","","","","","","","","","","","","","","","","","","","","","","","","3475","3542","3630","3719","3801","3872","3892","3897","3878","3836","3783","3709","3648","3606","3581","3565","3544","3526","3510","3504","3501","3488","3467","3467","3470","3472","3469","3471","3469","3468","3482","",
"Bangladesh","BGD","Number of deaths ages 15-19 years","SH.DTH.1519","","","","","","","","","","","","","","","","","","","","","","","","","","","","","","","22824","30401","23254","23337","23119","22539","21623","20420","18948","17611","16680","16069","15745","15696","15833","15976","16025","15960","15824","15675","15547","15534","15730","16166","16795","17445","17928","18140","18048","17692","17254","",
"Bulgaria","BGR","Number of deaths ages 15-19 years","SH.DTH.1519","","","","","","","","","","","","","","","","","","","","","","","","","","","","","","","444","450","455","456","450","435","414","388","360","334","312","293","279","270","265","260","254","246","233","218","201","185","170","157","146","139","135","134","135","138","142","",
"Bahrain","BHR","Number of deaths ages 15-19 years","SH.DTH.1519","","","","","","","","","","","","","","","","","","","","","","","","","","","","","","","22","24","25","25","25","24","26","28","29","29","29","31","33","34","34","33","36","37","37","36","34","35","35","34","32","31","30","30","30","31","31","",
"Bahamas, The","BHS","Number of deaths ages 15-19 years","SH.DTH.1519","","","","","","","","","","","","","","","","","","","","","","","","","","","","","","","22","23","24","24","25","26","27","27","28","28","27","26","25","25","25","26","27","28","29","31","32","34","35","35","34","33","32","30","28","41","25","",
"Bosnia and Herzegovina","BIH","Number of deaths ages 15-19 years","SH.DTH.1519","","","","","","","","","","","","","","","","","","","","","","","","","","","","","","","197","203","2049","1987","1204","239","146","135","126","120","115","111","108","106","105","102","99","94","88","82","77","72","70","70","71","73","72","68","63","58","54","",
"Belarus","BLR","Number of deaths ages 15-19 years","SH.DTH.1519","","","","","","","","","","","","","","","","","","","","","","","","","","","","","","","614","642","659","664","663","661","659","661","665","669","666","649","625","598","570","539","507","471","434","400","365","328","290","255","223","197","174","158","149","145","141","",
"Belize","BLZ","Number of deaths ages 15-19 years","SH.DTH.1519","","","","","","","","","","","","","","","","","","","","","","","","","","","","","","","12","13","15","17","19","21","24","27","30","32","33","34","34","35","35","36","37","38","39","40","41","41","41","41","41","40","39","37","36","34","33","",
"Bermuda","BMU","Number of deaths ages 15-19 years","SH.DTH.1519","","","","","","","","","","","","","","","","","","","","","","","","","","","","","","","","","","","","","","","","","","","","","","","","","","","","","","","","","","","","","","",
"Bolivia","BOL","Number of deaths ages 15-19 years","SH.DTH.1519","","","","","","","","","","","","","","","","","","","","","","","","","","","","","","","1684","1657","1636","1621","1607","1595","1578","1563","1549","1533","1518","1495","1473","1446","1417","1390","1364","1339","1318","1300","1281","1260","1237","1214","1191","1166","1143","1122","1096","1073","1051","",
"Brazil","BRA","Number of deaths ages 15-19 years","SH.DTH.1519","","","","","","","","","","","","","","","","","","","","","","","","","","","","","","","16158","16025","16140","16543","17201","17909","18439","18807","19072","19291","19466","19598","19645","19510","19198","18888","18684","18625","18738","19026","19483","20103","20807","21457","21853","21842","21320","20329","18971","17428","15986","",
"Barbados","BRB","Number of deaths ages 15-19 years","SH.DTH.1519","","","","","","","","","","","","","","","","","","","","","","","","","","","","","","","22","20","18","17","15","14","14","13","13","14","14","14","14","14","14","14","13","13","13","13","12","12","11","11","10","10","10","9","9","9","8","",
"Brunei Darussalam","BRN","Number of deaths ages 15-19 years","SH.DTH.1519","","","","","","","","","","","","","","","","","","","","","","","","","","","","","","","27","27","27","26","26","24","24","22","21","19","18","18","17","16","16","15","15","14","14","14","13","13","12","12","11","10","10","9","8","8","7","",
"Bhutan","BTN","Number of deaths ages 15-19 years","SH.DTH.1519","","","","","","","","","","","","","","","","","","","","","","","","","","","","","","","190","179","167","156","147","139","135","132","130","129","129","129","129","129","128","126","124","121","118","115","112","109","105","102","98","94","90","86","82","78","75","",
"Botswana","BWA","Number of deaths ages 15-19 years","SH.DTH.1519","","","","","","","","","","","","","","","","","","","","","","","","","","","","","","","395","401","403","403","403","402","400","399","398","394","387","376","363","347","333","320","307","297","288","280","271","260","249","238","229","223","219","215","213","211","208","",
"Central African Republic","CAF","Number of deaths ages 15-19 years","SH.DTH.1519","","","","","","","","","","","","","","","","","","","","","","","","","","","","","","","1063","1095","1127","1161","1197","1233","1272","1316","1357","1398","1438","1472","1511","1541","1560","1567","1550","1527","1512","1492","1466","1431","1401","1376","1370","1366","1356","1481","1338","1335","1329","",
"Canada","CAN","Number of deaths ages 15-19 years","SH.DTH.1519","","","","","","","","","","","","","","","","","","","","","","","","","","","","","","","1319","1257","1204","1162","1132","1110","1092","1078","1066","1054","1040","1028","1013","999","987","974","963","945","921","888","849","823","795","769","747","729","719","709","696","679","661","",
"Central Europe and the Baltics","CEB","Number of deaths ages 15-19 years","SH.DTH.1519","","","","","","","","","","","","","","","","","","","","","","","","","","","","","","","6090","6201","6083","6052","5963","5855","5643","5436","5189","4916","4646","4395","4231","4138","4084","4023","3917","3772","3573","3318","3037","2763","2528","2328","2165","2035","1929","1845","1779","1729","1690","",
"Switzerland","CHE","Number of deaths ages 15-19 years","SH.DTH.1519","","","","","","","","","","","","","","","","","","","","","","","","","","","","","","","273","258","243","229","216","205","195","187","181","176","172","168","164","160","157","152","149","144","139","132","124","118","112","106","101","97","96","96","97","98","99","",
"Channel Islands","CHI","Number of deaths ages 15-19 years","SH.DTH.1519","","","","","","","","","","","","","","","","","","","","","","","","","","","","","","","","","","","","","","","","","","","","","","","","","","","","","","","","","","","","","","",
"Chile","CHL","Number of deaths ages 15-19 years","SH.DTH.1519","","","","","","","","","","","","","","","","","","","","","","","","","","","","","","","832","814","801","792","785","773","755","732","709","690","677","670","669","671","675","682","694","707","717","719","709","687","657","626","600","579","563","549","536","525","513","",
"China","CHN","Number of deaths ages 15-19 years","SH.DTH.1519","","","","","","","","","","","","","","","","","","","","","","","","","","","","","","","128353","118476","108652","99140","90577","83427","78111","73535","70005","67760","66832","66629","67637","68604","68059","65172","60660","54591","47951","41976","37343","33803","31295","29573","28136","26762","25608","24402","23291","22260","21443","",
"Cote d'Ivoire","CIV","Number of deaths ages 15-19 years","SH.DTH.1519","","","","","","","","","","","","","","","","","","","","","","","","","","","","","","","3122","3306","3505","3713","3904","4098","4282","4448","4598","4735","4857","4941","5030","5128","5230","5363","5485","5624","5763","5924","6084","6218","6316","6351","6370","6384","6369","6352","6339","6271","6204","",
"Cameroon","CMR","Number of deaths ages 15-19 years","SH.DTH.1519","","","","","","","","","","","","","","","","","","","","","","","","","","","","","","","3370","3475","3598","3732","3889","4061","4241","4429","4629","4815","4989","5127","5250","5371","5473","5567","5628","5676","5730","5782","5842","5903","5983","6100","6231","6383","6548","6704","6848","6943","6996","",
"Congo, Dem. Rep.","COD","Number of deaths ages 15-19 years","SH.DTH.1519","","","","","","","","","","","","","","","","","","","","","","","","","","","","","","","14616","15024","15486","15987","16483","16974","19372","17718","18116","18595","19138","19655","20202","20760","21387","22055","22761","23681","24741","25903","27109","28311","29531","30599","31390","31992","32499","32863","33246","33718","34088","",
"Congo, Rep.","COG","Number of deaths ages 15-19 years","SH.DTH.1519","","","","","","","","","","","","","","","","","","","","","","","","","","","","","","","1405","1367","1340","1310","1282","1251","1216","1172","1121","1069","1019","971","927","887","854","821","792","765","738","708","680","652","628","607","593","587","584","581","580","801","582","",
"Colombia","COL","Number of deaths ages 15-19 years","SH.DTH.1519","","","","","","","","","","","","","","","","","","","","","","","","","","","","","","","6600","6500","6436","6395","6341","6275","6225","6262","6375","6539","6677","6623","6243","5667","5112","4703","4468","4436","4534","4642","4673","4619","4485","4312","4153","4034","3962","3915","3858","3753","3592","",
"Comoros","COM","Number of deaths ages 15-19 years","SH.DTH.1519","","","","","","","","","","","","","","","","","","","","","","","","","","","","","","","112","111","110","108","108","107","106","105","104","103","102","99","97","94","91","87","84","80","77","73","71","69","67","66","65","64","63","62","61","60","60","",
"Cabo Verde","CPV","Number of deaths ages 15-19 years","SH.DTH.1519","","","","","","","","","","","","","","","","","","","","","","","","","","","","","","","26","27","28","30","32","47","35","37","38","39","39","39","39","39","39","39","39","38","38","37","36","34","32","30","28","26","24","22","21","20","19","",
"Costa Rica","CRI","Number of deaths ages 15-19 years","SH.DTH.1519","","","","","","","","","","","","","","","","","","","","","","","","","","","","","","","151","157","167","178","191","203","215","226","233","238","239","239","240","240","241","243","247","257","266","263","246","227","214","210","213","222","231","232","224","209","191","",
"Caribbean small states","CSS","Number of deaths ages 15-19 years","SH.DTH.1519","","","","","","","","","","","","","","","","","","","","","","","","","","","","","","","625","613","598","589","583","582","584","589","595","598","598","597","592","594","596","603","606","614","617","620","615","610","599","592","583","574","560","542","537","530","499","",
"Cuba","CUB","Number of deaths ages 15-19 years","SH.DTH.1519","","","","","","","","","","","","","","","","","","","","","","","","","","","","","","","1022","966","888","796","707","631","570","521","485","457","436","420","411","405","396","383","368","347","325","307","295","287","284","283","283","281","277","273","268","263","259","",
"Curacao","CUW","Number of deaths ages 15-19 years","SH.DTH.1519","","","","","","","","","","","","","","","","","","","","","","","","","","","","","","","","","","","","","","","","","","","","","","","","","","","","","","","","","","","","","","",
"Cayman Islands","CYM","Number of deaths ages 15-19 years","SH.DTH.1519","","","","","","","","","","","","","","","","","","","","","","","","","","","","","","","","","","","","","","","","","","","","","","","","","","","","","","","","","","","","","","",
"Cyprus","CYP","Number of deaths ages 15-19 years","SH.DTH.1519","","","","","","","","","","","","","","","","","","","","","","","","","","","","","","","33","36","39","42","44","45","48","51","53","54","53","53","52","49","46","43","40","38","35","32","30","28","26","24","22","20","19","18","18","17","16","",
"Czechia","CZE","Number of deaths ages 15-19 years","SH.DTH.1519","","","","","","","","","","","","","","","","","","","","","","","","","","","","","","","481","509","529","537","529","507","475","437","399","366","341","323","308","297","286","275","265","256","246","234","219","204","187","169","154","144","138","135","135","135","135","",
"Germany","DEU","Number of deaths ages 15-19 years","SH.DTH.1519","","","","","","","","","","","","","","","","","","","","","","","","","","","","","","","2545","2448","2382","2339","2303","2267","2240","2212","2177","2131","2072","2007","1920","1815","1696","1574","1468","1367","1274","1193","1123","1079","1046","1022","1004","985","970","950","927","901","875","",
"Djibouti","DJI","Number of deaths ages 15-19 years","SH.DTH.1519","","","","","","","","","","","","","","","","","","","","","","","","","","","","","","","219","223","227","231","233","235","238","238","237","238","242","246","253","261","267","269","264","256","246","236","228","225","221","219","216","212","208","204","200","195","190","",
"Dominica","DMA","Number of deaths ages 15-19 years","SH.DTH.1519","","","","","","","","","","","","","","","","","","","","","","","","","","","","","","","4","4","4","5","5","5","4","4","4","4","4","4","4","4","4","4","3","4","4","4","4","4","3","3","3","3","3","2","2","2","2","",
"Denmark","DNK","Number of deaths ages 15-19 years","SH.DTH.1519","","","","","","","","","","","","","","","","","","","","","","","","","","","","","","","159","156","152","148","145","140","136","131","126","122","119","117","115","114","113","112","112","110","106","100","93","87","81","76","72","69","68","67","66","66","66","",
"Dominican Republic","DOM","Number of deaths ages 15-19 years","SH.DTH.1519","","","","","","","","","","","","","","","","","","","","","","","","","","","","","","","1024","1056","1092","1131","1173","1213","1249","1281","1309","1332","1350","1360","1367","1368","1367","1368","1361","1347","1322","1290","1243","1177","1112","1053","998","950","909","878","846","815","790","",
"Algeria","DZA","Number of deaths ages 15-19 years","SH.DTH.1519","","","","","","","","","","","","","","","","","","","","","","","","","","","","","","","2963","3018","3074","3133","3182","3211","3206","3171","3108","3022","2919","2811","2693","2566","2440","2337","2268","2223","2175","2105","2025","1936","1852","1768","1689","1623","1572","1534","1520","1537","1577","",
"East Asia & Pacific (excluding high income)","EAP","Number of deaths ages 15-19 years","SH.DTH.1519","","","","","","","","","","","","","","","","","","","","","","","","","","","","","","","204171","194232","184158","174477","166028","158903","152769","147324","143463","140723","139420","138427","138547","138470","147649","132858","126655","119053","117510","104043","98247","93598","89717","86542","83791","81293","79128","76917","74736","72519","70345","",
"Early-demographic dividend","EAR","Number of deaths ages 15-19 years","SH.DTH.1519","","","","","","","","","","","","","","","","","","","","","","","","","","","","","","","418784","416563","406604","404619","463989","404281","404172","404975","406333","409509","402890","398980","395148","393201","397277","387976","376835","371591","372104","358989","369165","342911","336309","328390","320065","313406","304993","297486","291322","283768","277024","",
"East Asia & Pacific","EAS","Number of deaths ages 15-19 years","SH.DTH.1519","","","","","","","","","","","","","","","","","","","","","","","","","","","","","","","213299","203068","192599","182491","173681","166284","159836","154018","149734","146535","144764","143337","143067","142658","151580","136599","130273","122592","120992","107450","101536","97224","92711","89388","86504","83891","81633","79353","77121","74871","72673","",
"Europe & Central Asia (excluding high income)","ECA","Number of deaths ages 15-19 years","SH.DTH.1519","","","","","","","","","","","","","","","","","","","","","","","","","","","","","","","33088","34125","38191","40350","39885","39909","36557","36048","35969","37262","35680","34778","33341","31633","30097","28788","27387","25454","23307","21206","19565","18052","16802","15793","15105","14280","13780","12933","12420","12084","12221","",
"Europe & Central Asia","ECS","Number of deaths ages 15-19 years","SH.DTH.1519","","","","","","","","","","","","","","","","","","","","","","","","","","","","","","","53951","54399","57561","58943","57756","57205","53346","52443","51944","52741","50600","49133","47139","44892","42847","41042","39175","36739","34014","31246","28889","26697","24863","23383","22340","21248","20566","19582","18969","18539","18587","",
"Ecuador","ECU","Number of deaths ages 15-19 years","SH.DTH.1519","","","","","","","","","","","","","","","","","","","","","","","","","","","","","","","1313","1293","1278","1272","1278","1299","1329","1367","1403","1424","1423","1401","1366","1329","1303","1295","1302","1319","1341","1358","1362","1344","1302","1248","1194","1151","1118","1092","1065","1034","997","",
"Egypt, Arab Rep.","EGY","Number of deaths ages 15-19 years","SH.DTH.1519","","","","","","","","","","","","","","","","","","","","","","","","","","","","","","","6414","6092","5899","5851","5941","6086","6215","6282","6282","6248","6244","6307","6427","6505","6462","6301","6062","5813","5655","5643","5735","5868","5965","5950","5815","5684","5668","5801","6011","6230","6413","",
"Euro area","EMU","Number of deaths ages 15-19 years","SH.DTH.1519","","","","","","","","","","","","","","","","","","","","","","","","","","","","","","","13348","12850","12243","11631","11075","10622","10289","10049","9821","9557","9232","8858","8431","7975","7524","7091","6713","6350","5988","5624","5266","4934","4638","4388","4203","4065","3971","3898","3838","3774","3715","",
"Eritrea","ERI","Number of deaths ages 15-19 years","SH.DTH.1519","","","","","","","","","","","","","","","","","","","","","","","","","","","","","","","980","926","875","832","802","789","781","784","797","818","844","880","911","937","948","940","905","862","814","767","723","674","630","595","572","564","562","567","578","593","612","",
"Spain","ESP","Number of deaths ages 15-19 years","SH.DTH.1519","","","","","","","","","","","","","","","","","","","","","","","","","","","","","","","2195","2050","1858","1680","1543","1449","1400","1368","1324","1260","1189","1125","1063","1005","947","888","837","779","710","633","559","497","450","418","400","392","391","390","385","377","370","",
"Estonia","EST","Number of deaths ages 15-19 years","SH.DTH.1519","","","","","","","","","","","","","","","","","","","","","","","","","","","","","","","127","129","128","124","118","109","101","95","89","85","83","81","80","78","76","72","66","59","52","45","39","35","31","28","26","24","23","22","22","21","21","",
"Ethiopia","ETH","Number of deaths ages 15-19 years","SH.DTH.1519","","","","","","","","","","","","","","","","","","","","","","","","","","","","","","","30404","28779","29754","30503","31001","31378","31680","31923","32015","34505","31540","30680","29836","29001","28305","27754","27253","26820","26420","26072","25692","25213","24725","24200","23560","22950","22361","21932","21588","21195","20828","",
"European Union","EUU","Number of deaths ages 15-19 years","SH.DTH.1519","","","","","","","","","","","","","","","","","","","","","","","","","","","","","","","18865","18450","17707","17060","16426","15884","15367","14944","14496","13979","13403","12804","12236","11713","11234","10769","10321","9851","9324","8736","8122","7539","7025","6589","6252","5997","5816","5675","5562","5460","5370","",
"Fragile and conflict affected situations","FCS","Number of deaths ages 15-19 years","SH.DTH.1519","","","","","","","","","","","","","","","","","","","","","","","","","","","","","","","163730","162602","165714","171947","171448","173215","176073","174707","175293","179070","175517","174761","173819","172776","171988","171553","170981","170845","178670","172168","191356","175310","180108","184061","186920","188514","189032","189443","190443","190325","189578","",
"Finland","FIN","Number of deaths ages 15-19 years","SH.DTH.1519","","","","","","","","","","","","","","","","","","","","","","","","","","","","","","","212","198","186","176","168","163","160","159","159","159","159","157","153","148","145","143","143","143","142","139","132","123","113","103","96","93","93","96","102","108","115","",
"Fiji","FJI","Number of deaths ages 15-19 years","SH.DTH.1519","","","","","","","","","","","","","","","","","","","","","","","","","","","","","","","97","97","98","99","100","101","102","103","103","103","102","100","96","92","88","84","82","81","80","79","78","76","73","69","66","64","63","62","62","62","62","",
"France","FRA","Number of deaths ages 15-19 years","SH.DTH.1519","","","","","","","","","","","","","","","","","","","","","","","","","","","","","","","2378","2262","2127","1988","1869","1793","1762","1770","1793","1804","1777","1705","1603","1494","1393","1307","1234","1175","1128","1085","1041","983","927","881","852","836","824","819","819","822","822","",
"Faroe Islands","FRO","Number of deaths ages 15-19 years","SH.DTH.1519","","","","","","","","","","","","","","","","","","","","","","","","","","","","","","","","","","","","","","","","","","","","","","","","","","","","","","","","","","","","","","",
"Micronesia, Fed. Sts.","FSM","Number of deaths ages 15-19 years","SH.DTH.1519","","","","","","","","","","","","","","","","","","","","","","","","","","","","","","","16","15","15","16","16","17","17","16","16","16","16","16","16","16","15","15","15","14","14","14","14","14","13","13","13","13","13","12","12","11","11","",
"Gabon","GAB","Number of deaths ages 15-19 years","SH.DTH.1519","","","","","","","","","","","","","","","","","","","","","","","","","","","","","","","175","189","203","218","233","247","260","272","283","294","305","314","323","330","335","338","340","338","333","327","319","316","313","308","300","291","284","279","276","274","273","",
"United Kingdom","GBR","Number of deaths ages 15-19 years","SH.DTH.1519","","","","","","","","","","","","","","","","","","","","","","","","","","","","","","","1978","1839","1712","1609","1539","1509","1512","1522","1523","1518","1515","1534","1539","1524","1498","1471","1453","1418","1359","1272","1163","1063","993","959","943","931","928","931","941","950","953","",
"Georgia","GEO","Number of deaths ages 15-19 years","SH.DTH.1519","","","","","","","","","","","","","","","","","","","","","","","","","","","","","","","280","281","363","425","293","240","191","173","177","187","192","186","171","152","137","129","128","137","180","151","139","125","120","123","131","139","141","133","121","113","110","",
"Ghana","GHA","Number of deaths ages 15-19 years","SH.DTH.1519","","","","","","","","","","","","","","","","","","","","","","","","","","","","","","","4171","4136","4095","4044","4012","3981","3949","3946","3979","4038","4126","4219","4340","4453","4555","4639","4706","4755","4773","4789","4813","4830","4855","4887","4907","4900","4874","4827","4771","4729","4663","",
"Gibraltar","GIB","Number of deaths ages 15-19 years","SH.DTH.1519","","","","","","","","","","","","","","","","","","","","","","","","","","","","","","","","","","","","","","","","","","","","","","","","","","","","","","","","","","","","","","",
"Guinea","GIN","Number of deaths ages 15-19 years","SH.DTH.1519","","","","","","","","","","","","","","","","","","","","","","","","","","","","","","","2433","2470","2517","2578","2655","2747","2831","2939","3065","3198","3331","3422","3505","3576","3645","3714","3733","3771","3813","3864","3923","3946","3981","4016","4070","4119","4129","4126","4115","4097","4070","",
"Gambia, The","GMB","Number of deaths ages 15-19 years","SH.DTH.1519","","","","","","","","","","","","","","","","","","","","","","","","","","","","","","","339","340","344","348","350","352","357","361","364","368","373","381","391","399","407","412","417","422","427","429","430","429","427","424","421","418","416","413","412","413","414","",
"Guinea-Bissau","GNB","Number of deaths ages 15-19 years","SH.DTH.1519","","","","","","","","","","","","","","","","","","","","","","","","","","","","","","","431","440","448","456","465","474","482","547","609","585","514","515","514","512","509","507","503","498","493","488","481","474","467","460","456","453","450","448","448","448","449","",
"Equatorial Guinea","GNQ","Number of deaths ages 15-19 years","SH.DTH.1519","","","","","","","","","","","","","","","","","","","","","","","","","","","","","","","139","144","149","156","163","172","186","199","210","215","217","225","228","227","222","218","225","230","231","228","224","235","244","248","247","243","258","268","272","270","266","",
"Greece","GRC","Number of deaths ages 15-19 years","SH.DTH.1519","","","","","","","","","","","","","","","","","","","","","","","","","","","","","","","419","422","423","424","423","420","416","411","404","392","376","356","333","309","289","272","259","247","235","221","206","188","172","159","149","141","134","129","123","118","114","",
"Grenada","GRD","Number of deaths ages 15-19 years","SH.DTH.1519","","","","","","","","","","","","","","","","","","","","","","","","","","","","","","","8","8","7","7","6","6","6","7","7","7","8","8","8","8","7","7","7","7","6","6","6","6","5","5","5","5","5","4","4","4","4","",
"Greenland","GRL","Number of deaths ages 15-19 years","SH.DTH.1519","","","","","","","","","","","","","","","","","","","","","","","","","","","","","","","","","","","","","","","","","","","","","","","","","","","","","","","","","","","","","","",
"Guatemala","GTM","Number of deaths ages 15-19 years","SH.DTH.1519","","","","","","","","","","","","","","","","","","","","","","","","","","","","","","","1574","1659","1713","1742","1750","1751","1739","1750","1774","1802","1834","1874","1933","2010","2099","2190","2253","2286","2295","2286","2267","2249","2237","2243","2276","2330","2385","2436","2467","2465","2428","",
"Guam","GUM","Number of deaths ages 15-19 years","SH.DTH.1519","","","","","","","","","","","","","","","","","","","","","","","","","","","","","","","","","","","","","","","","","","","","","","","","","","","","","","","","","","","","","","",
"Guyana","GUY","Number of deaths ages 15-19 years","SH.DTH.1519","","","","","","","","","","","","","","","","","","","","","","","","","","","","","","","91","86","82","81","81","83","85","85","84","81","77","76","75","76","78","81","83","85","89","93","97","101","104","106","107","107","104","99","94","90","85","",
"High income","HIC","Number of deaths ages 15-19 years","SH.DTH.1519","","","","","","","","","","","","","","","","","","","","","","","","","","","","","","","49643","49688","47107","45811","44639","43640","42524","41370","40223","39113","38068","37282","36525","35796","35111","34407","33667","32741","31584","30175","28635","27744","26036","25086","24465","24071","23943","23751","23443","22974","22414","",
"Hong Kong SAR, China","HKG","Number of deaths ages 15-19 years","SH.DTH.1519","","","","","","","","","","","","","","","","","","","","","","","","","","","","","","","","","","","","","","","","","","","","","","","","","","","","","","","","","","","","","","",
"Honduras","HND","Number of deaths ages 15-19 years","SH.DTH.1519","","","","","","","","","","","","","","","","","","","","","","","","","","","","","","","849","855","863","872","881","889","895","900","1654","906","907","905","903","900","897","894","893","890","888","888","889","892","898","903","905","902","896","885","869","852","836","",
"Heavily indebted poor countries (HIPC)","HPC","Number of deaths ages 15-19 years","SH.DTH.1519","","","","","","","","","","","","","","","","","","","","","","","","","","","","","","","147992","148051","152572","160123","221051","164590","168712","168526","170662","172868","170299","169406","168644","168203","167639","167601","167298","167615","169516","170224","190404","175091","178230","181615","185275","187881","189717","191125","191922","192780","192972","",
"Croatia","HRV","Number of deaths ages 15-19 years","SH.DTH.1519","","","","","","","","","","","","","","","","","","","","","","","","","","","","","","","227","379","285","283","260","266","206","187","174","166","161","157","154","150","144","137","129","119","109","99","91","85","80","77","75","73","70","67","64","63","62","",
"Haiti","HTI","Number of deaths ages 15-19 years","SH.DTH.1519","","","","","","","","","","","","","","","","","","","","","","","","","","","","","","","2556","2530","2509","2508","2517","2525","2530","2538","2546","2532","2492","2432","2355","2276","2200","2137","2082","2032","1989","1951","19748","1887","1847","1816","1782","1752","1712","1672","1634","1605","1569","",
"Hungary","HUN","Number of deaths ages 15-19 years","SH.DTH.1519","","","","","","","","","","","","","","","","","","","","","","","","","","","","","","","527","525","517","501","474","439","403","366","332","305","285","271","263","258","255","251","244","238","231","223","212","198","182","167","154","145","138","134","131","129","127","",
"IBRD only","IBD","Number of deaths ages 15-19 years","SH.DTH.1519","","","","","","","","","","","","","","","","","","","","","","","","","","","","","","","505781","488474","479327","470154","461335","455701","448282","444646","442800","444719","442409","441081","439338","438698","442821","421165","409607","395827","381193","366820","353555","340837","328781","318057","307847","298420","289905","281316","273195","265768","259004","",
"IDA & IBRD total","IBT","Number of deaths ages 15-19 years","SH.DTH.1519","","","","","","","","","","","","","","","","","","","","","","","","","","","","","","","774817","765419","753993","752802","805037","742331","738055","733144","732133","734541","728214","724195","720586","718305","721936","706364","688833","675959","669957","649868","656409","627967","621338","615075","608833","603516","595405","587341","579730","571102","562660","",
"IDA total","IDA","Number of deaths ages 15-19 years","SH.DTH.1519","","","","","","","","","","","","","","","","","","","","","","","","","","","","","","","269036","276945","274666","282648","343702","286630","289773","288498","289333","289822","285805","283114","281248","279607","279115","285199","279226","280132","288764","283048","302854","287130","292557","297018","300986","305096","305500","306025","306535","305334","303656","",
"IDA blend","IDB","Number of deaths ages 15-19 years","SH.DTH.1519","","","","","","","","","","","","","","","","","","","","","","","","","","","","","","","72875","73338","73940","74575","75121","75639","75970","76298","76626","76592","76601","76396","76244","76448","77074","84060","79188","80598","81685","82363","82639","82626","82791","82944","83217","83530","83620","83579","83479","83534","82884","",
"Indonesia","IDN","Number of deaths ages 15-19 years","SH.DTH.1519","","","","","","","","","","","","","","","","","","","","","","","","","","","","","","","26688","26622","26482","26381","26360","26422","26591","26897","27277","27600","27828","27698","27545","27417","38237","27415","26949","26441","25951","25681","25541","25695","25707","25537","25207","24728","24253","23743","23227","22645","21966","",
"IDA only","IDX","Number of deaths ages 15-19 years","SH.DTH.1519","","","","","","","","","","","","","","","","","","","","","","","","","","","","","","","196161","203607","200726","208073","268581","210991","213803","212200","212707","213230","209204","206718","205004","203159","202041","201139","200038","199534","207079","200685","220215","204504","209766","214074","217769","221566","221880","222446","223056","221800","220772","",
"Isle of Man","IMN","Number of deaths ages 15-19 years","SH.DTH.1519","","","","","","","","","","","","","","","","","","","","","","","","","","","","","","","","","","","","","","","","","","","","","","","","","","","","","","","","","","","","","","",
"India","IND","Number of deaths ages 15-19 years","SH.DTH.1519","","","","","","","","","","","","","","","","","","","","","","","","","","","","","","","193861","189767","186622","184176","182944","182913","183798","185329","186946","188181","188557","187692","186107","183892","181097","177782","173720","169062","163907","158328","152588","146625","140599","134829","129154","123677","118627","114062","109916","106238","103063","",
"Not classified","INX","Number of deaths ages 15-19 years","SH.DTH.1519","","","","","","","","","","","","","","","","","","","","","","","","","","","","","","","","","","","","","","","","","","","","","","","","","","","","","","","","","","","","","","",
"Ireland","IRL","Number of deaths ages 15-19 years","SH.DTH.1519","","","","","","","","","","","","","","","","","","","","","","","","","","","","","","","167","164","162","164","169","177","185","193","198","198","194","185","173","163","153","145","139","132","124","115","106","96","87","79","73","67","63","59","55","52","51","",
"Iran, Islamic Rep.","IRN","Number of deaths ages 15-19 years","SH.DTH.1519","","","","","","","","","","","","","","","","","","","","","","","","","","","","","","","12206","8970","8809","8728","8704","8700","8757","8839","8976","9118","9282","9402","9518","12309","9566","9471","9347","9162","8818","8272","7592","6829","6106","5519","5131","4924","4877","4932","5020","5072","5073","",
"Iraq","IRQ","Number of deaths ages 15-19 years","SH.DTH.1519","","","","","","","","","","","","","","","","","","","","","","","","","","","","","","","2192","2231","2277","2328","2380","2425","2463","2493","2520","2548","2581","2614","2655","2699","2738","2768","2778","2783","2795","2825","2879","2954","3034","3372","3165","3203","3224","3238","3247","3494","3252","",
"Iceland","ISL","Number of deaths ages 15-19 years","SH.DTH.1519","","","","","","","","","","","","","","","","","","","","","","","","","","","","","","","15","14","13","13","12","12","11","11","11","11","10","10","9","9","8","8","8","8","8","8","8","7","7","7","6","6","6","6","6","6","6","",
"Israel","ISR","Number of deaths ages 15-19 years","SH.DTH.1519","","","","","","","","","","","","","","","","","","","","","","","","","","","","","","","185","186","190","197","207","214","213","208","204","207","215","224","229","222","201","181","170","164","159","151","143","139","139","142","149","155","158","158","156","155","154","",
"Italy","ITA","Number of deaths ages 15-19 years","SH.DTH.1519","","","","","","","","","","","","","","","","","","","","","","","","","","","","","","","2373","2294","2171","2025","1875","1738","1618","1516","1429","1353","1287","1229","1178","1131","1086","1041","1002","962","916","866","814","767","722","681","645","618","601","588","576","561","545","",
"Jamaica","JAM","Number of deaths ages 15-19 years","SH.DTH.1519","","","","","","","","","","","","","","","","","","","","","","","","","","","","","","","290","283","274","266","260","256","250","247","245","243","241","239","237","236","236","236","236","237","237","237","236","233","230","225","221","215","207","198","189","181","174","",
"Jordan","JOR","Number of deaths ages 15-19 years","SH.DTH.1519","","","","","","","","","","","","","","","","","","","","","","","","","","","","","","","389","404","416","425","432","438","444","451","458","463","466","464","461","457","457","460","467","478","492","508","525","547","569","591","611","628","640","648","653","655","656","",
"Japan","JPN","Number of deaths ages 15-19 years","SH.DTH.1519","","","","","","","","","","","","","","","","","","","","","","","","","","","","","","","4368","4212","3991","3738","3495","3290","3101","2941","2803","2670","2533","2393","2257","2129","2012","1905","1807","1713","1624","1542","1467","1881","1345","1298","1255","1218","1188","1166","1150","1138","1125","",
"Kazakhstan","KAZ","Number of deaths ages 15-19 years","SH.DTH.1519","","","","","","","","","","","","","","","","","","","","","","","","","","","","","","","1542","1604","1674","1742","1791","1809","1805","1771","1721","1670","1632","1621","1640","1679","1727","1762","1766","1700","1580","1440","1303","1160","1031","917","820","742","683","645","626","619","621","",
"Kenya","KEN","Number of deaths ages 15-19 years","SH.DTH.1519","","","","","","","","","","","","","","","","","","","","","","","","","","","","","","","4907","5314","5757","6194","6629","7030","7444","7798","8092","8340","8543","8666","8759","8820","8809","8752","8620","8435","8231","8075","7963","7878","7862","7875","7892","7879","7853","7783","7708","7655","7561","",
"Kyrgyz Republic","KGZ","Number of deaths ages 15-19 years","SH.DTH.1519","","","","","","","","","","","","","","","","","","","","","","","","","","","","","","","348","356","364","371","379","387","392","394","394","392","388","383","378","376","374","374","379","383","383","379","371","355","338","323","310","299","289","280","273","268","266","",
"Cambodia","KHM","Number of deaths ages 15-19 years","SH.DTH.1519","","","","","","","","","","","","","","","","","","","","","","","","","","","","","","","3361","3153","2865","2575","2391","2352","2380","2547","2771","2936","2969","2829","2600","2329","2100","1947","1824","1767","1763","1764","1734","1679","1588","1477","1371","1287","1218","1155","1096","1055","1022","",
"Kiribati","KIR","Number of deaths ages 15-19 years","SH.DTH.1519","","","","","","","","","","","","","","","","","","","","","","","","","","","","","","","13","12","12","13","13","13","14","14","14","15","15","15","16","16","17","18","18","18","18","18","18","18","18","18","18","18","17","16","15","15","14","",
"St. Kitts and Nevis","KNA","Number of deaths ages 15-19 years","SH.DTH.1519","","","","","","","","","","","","","","","","","","","","","","","","","","","","","","","3","4","4","4","4","4","4","5","5","5","5","5","5","5","5","5","5","5","5","5","5","5","5","6","6","6","5","5","5","5","4","",
"Korea, Rep.","KOR","Number of deaths ages 15-19 years","SH.DTH.1519","","","","","","","","","","","","","","","","","","","","","","","","","","","","","","","3411","3376","3287","3175","3090","3032","2910","2694","2409","2105","1819","1569","1355","1183","1063","994","970","993","1038","1062","1039","980","907","834","769","713","666","628","597","573","554","",
"Kuwait","KWT","Number of deaths ages 15-19 years","SH.DTH.1519","","","","","","","","","","","","","","","","","","","","","","","","","","","","","","","151","1248","95","88","79","70","77","85","92","96","96","96","94","89","84","81","86","91","94","96","96","95","97","99","100","101","100","97","94","92","92","",
"Latin America & Caribbean (excluding high income)","LAC","Number of deaths ages 15-19 years","SH.DTH.1519","","","","","","","","","","","","","","","","","","","","","","","","","","","","","","","51454","50706","50466","50588","51050","51629","51983","52162","53171","52247","52170","51810","51099","50086","49007","48202","47901","48223","49034","49999","68616","51163","51017","50612","50234","49893","49209","48031","46382","44494","42658","",
"Lao PDR","LAO","Number of deaths ages 15-19 years","SH.DTH.1519","","","","","","","","","","","","","","","","","","","","","","","","","","","","","","","1527","1539","1554","1571","1600","1627","1649","1665","1686","1703","1715","1725","1725","1726","1720","1695","1644","1582","1510","1432","1342","1222","1108","1002","903","828","776","735","705","682","663","",
"Lebanon","LBN","Number of deaths ages 15-19 years","SH.DTH.1519","","","","","","","","","","","","","","","","","","","","","","","","","","","","","","","928","287","295","300","299","294","285","274","263","254","249","252","259","268","275","281","360","276","274","273","275","278","284","290","295","297","296","308","283","274","264","",
"Liberia","LBR","Number of deaths ages 15-19 years","SH.DTH.1519","","","","","","","","","","","","","","","","","","","","","","","","","","","","","","","1600","667","655","648","652","670","709","765","828","884","931","954","966","1171","972","979","991","1007","1029","1055","1085","1116","1153","1198","1246","1443","1341","1391","1435","1468","1485","",
"Libya","LBY","Number of deaths ages 15-19 years","SH.DTH.1519","","","","","","","","","","","","","","","","","","","","","","","","","","","","","","","506","510","513","516","517","517","517","515","511","508","506","506","506","504","497","484","468","449","429","410","393","375","359","346","335","327","321","317","314","313","313","",
"St. Lucia","LCA","Number of deaths ages 15-19 years","SH.DTH.1519","","","","","","","","","","","","","","","","","","","","","","","","","","","","","","","13","12","12","11","11","11","11","11","11","11","12","12","12","12","12","12","12","12","12","12","12","12","12","12","12","11","11","11","11","11","10","",
"Latin America & Caribbean","LCN","Number of deaths ages 15-19 years","SH.DTH.1519","","","","","","","","","","","","","","","","","","","","","","","","","","","","","","","55005","54437","54404","54702","55230","55763","56025","56123","57150","57485","56719","56776","56418","55656","54707","53988","53851","54474","55598","56752","75423","57976","57851","57503","57214","56942","56095","54670","52797","50764","48844","",
"Least developed countries: UN classification","LDC","Number of deaths ages 15-19 years","SH.DTH.1519","","","","","","","","","","","","","","","","","","","","","","","","","","","","","","","190965","198545","195578","202780","263354","206043","209151","207791","207582","209286","205426","203144","201463","199556","198264","197112","195679","194855","202099","195357","214527","198332","200829","203910","207598","212541","213570","215080","216804","216518","216012","",
"Low income","LIC","Number of deaths ages 15-19 years","SH.DTH.1519","","","","","","","","","","","","","","","","","","","","","","","","","","","","","","","125556","124534","127801","134085","194020","136470","139966","139318","140085","142809","139793","138645","137686","137158","136706","136906","137093","137863","140075","140862","143055","145497","150787","154765","157763","159997","160684","161232","162176","161565","161258","",
"Liechtenstein","LIE","Number of deaths ages 15-19 years","SH.DTH.1519","","","","","","","","","","","","","","","","","","","","","","","","","","","","","","","","","","","","","","","","","","","","","","","","","","","","","","","","","","","","","","",
"Sri Lanka","LKA","Number of deaths ages 15-19 years","SH.DTH.1519","","","","","","","","","","","","","","","","","","","","","","","","","","","","","","","2593","2461","2360","2289","2248","2231","2225","2232","2225","2180","2085","1928","1741","1555","3396","1328","1347","1451","1583","1673","1654","1474","1224","996","826","711","640","599","576","560","545","",
"Lower middle income","LMC","Number of deaths ages 15-19 years","SH.DTH.1519","","","","","","","","","","","","","","","","","","","","","","","","","","","","","","","424547","425270","415888","414799","414716","415403","416208","417537","419747","419112","418680","415878","412787","411459","418070","407319","396074","390466","390467","377033","387332","361461","353582","346289","340081","334712","328304","322992","317906","313030","307801","",
"Low & middle income","LMY","Number of deaths ages 15-19 years","SH.DTH.1519","","","","","","","","","","","","","","","","","","","","","","","","","","","","","","","771979","762297","750694","749165","801198","738462","734312","729580","728711","730002","724421","719976","715902","713218","716589","700878","683222","670142","663965","643851","650484","622152","615557","609263","603111","597552","589598","581776","574425","565895","557492","",
"Lesotho","LSO","Number of deaths ages 15-19 years","SH.DTH.1519","","","","","","","","","","","","","","","","","","","","","","","","","","","","","","","516","534","556","579","604","632","658","685","710","730","743","746","739","725","707","688","663","639","617","600","582","558","541","527","518","511","501","491","481","469","456","",
"Late-demographic dividend","LTE","Number of deaths ages 15-19 years","SH.DTH.1519","","","","","","","","","","","","","","","","","","","","","","","","","","","","","","","202505","193963","185321","178564","171406","165805","157833","152364","148470","146166","144986","144123","143727","142654","141825","134894","128609","120583","112181","104435","98136","92882","88794","85603","82830","80055","77246","74131","70833","67517","64851","",
"Lithuania","LTU","Number of deaths ages 15-19 years","SH.DTH.1519","","","","","","","","","","","","","","","","","","","","","","","","","","","","","","","285","284","281","273","263","252","240","232","228","228","231","231","230","227","223","218","210","199","187","174","160","144","129","115","103","92","79","70","63","59","55","",
"Luxembourg","LUX","Number of deaths ages 15-19 years","SH.DTH.1519","","","","","","","","","","","","","","","","","","","","","","","","","","","","","","","19","18","17","16","15","14","13","12","11","11","10","9","9","9","8","8","8","8","8","7","7","7","7","7","7","7","7","6","6","6","6","",
"Latvia","LVA","Number of deaths ages 15-19 years","SH.DTH.1519","","","","","","","","","","","","","","","","","","","","","","","","","","","","","","","230","226","219","210","199","190","181","175","169","164","158","152","146","140","133","125","114","103","92","82","73","64","57","50","46","43","41","40","40","42","43","",
"Macao SAR, China","MAC","Number of deaths ages 15-19 years","SH.DTH.1519","","","","","","","","","","","","","","","","","","","","","","","","","","","","","","","","","","","","","","","","","","","","","","","","","","","","","","","","","","","","","","",
"St. Martin (French part)","MAF","Number of deaths ages 15-19 years","SH.DTH.1519","","","","","","","","","","","","","","","","","","","","","","","","","","","","","","","","","","","","","","","","","","","","","","","","","","","","","","","","","","","","","","",
"Morocco","MAR","Number of deaths ages 15-19 years","SH.DTH.1519","","","","","","","","","","","","","","","","","","","","","","","","","","","","","","","3051","2981","2930","2881","2841","2815","2770","2732","2698","2647","2587","2488","2380","2274","2191","2121","2057","2009","1973","1928","1881","1811","1733","1651","1581","1516","1457","1414","1375","1336","1300","",
"Monaco","MCO","Number of deaths ages 15-19 years","SH.DTH.1519","","","","","","","","","","","","","","","","","","","","","","","","","","","","","","","1","1","1","1","1","1","1","1","1","1","1","1","1","1","1","1","1","1","1","1","1","1","1","1","1","1","1","1","1","0","0","",
"Moldova","MDA","Number of deaths ages 15-19 years","SH.DTH.1519","","","","","","","","","","","","","","","","","","","","","","","","","","","","","","","319","319","362","321","319","315","311","304","297","290","282","274","268","262","256","249","240","228","214","200","187","173","161","150","142","136","130","126","122","120","119","",
"Madagascar","MDG","Number of deaths ages 15-19 years","SH.DTH.1519","","","","","","","","","","","","","","","","","","","","","","","","","","","","","","","3656","3725","3807","3899","3979","4051","4111","4173","4241","4337","4446","4573","4740","4935","5162","5401","5646","5896","6139","6335","6494","6601","6660","6704","6701","6709","6671","6629","6552","6477","6445","",
"Maldives","MDV","Number of deaths ages 15-19 years","SH.DTH.1519","","","","","","","","","","","","","","","","","","","","","","","","","","","","","","","25","23","21","19","18","17","17","16","16","16","17","17","17","17","26","17","17","18","18","18","18","18","18","17","16","15","15","15","14","12","11","",
"Middle East & North Africa","MEA","Number of deaths ages 15-19 years","SH.DTH.1519","","","","","","","","","","","","","","","","","","","","","","","","","","","","","","","36875","33812","32435","32485","32883","33059","33351","33483","33482","33350","33254","33291","33400","36156","33288","33003","32811","32353","31847","31189","30467","29935","31768","32370","31507","31002","30164","29787","30440","29670","28816","",
"Mexico","MEX","Number of deaths ages 15-19 years","SH.DTH.1519","","","","","","","","","","","","","","","","","","","","","","","","","","","","","","","9011","8882","8713","8545","8442","8409","8363","8230","8029","7818","7628","7463","7350","7283","7242","7251","7452","7914","8588","9279","9768","9860","9456","8848","8446","8426","8627","8882","9145","9432","9722","",
"Marshall Islands","MHL","Number of deaths ages 15-19 years","SH.DTH.1519","","","","","","","","","","","","","","","","","","","","","","","","","","","","","","","7","7","7","7","7","7","7","7","8","8","9","9","10","10","10","10","9","8","8","7","7","6","7","7","7","7","8","8","8","8","8","",
"Middle income","MIC","Number of deaths ages 15-19 years","SH.DTH.1519","","","","","","","","","","","","","","","","","","","","","","","","","","","","","","","642955","634146","619130","611182","603170","597898","590198","586087","584444","583016","580462","577222","574152","572044","575914","560040","542260","528460","520104","499215","503650","472872","460979","450687","441504","433683","425017","416614","408292","400359","392249","",
"North Macedonia","MKD","Number of deaths ages 15-19 years","SH.DTH.1519","","","","","","","","","","","","","","","","","","","","","","","","","","","","","","","76","76","76","76","76","77","77","78","80","80","80","85","76","72","69","65","62","60","57","54","51","48","46","43","41","39","37","36","36","35","35","",
"Mali","MLI","Number of deaths ages 15-19 years","SH.DTH.1519","","","","","","","","","","","","","","","","","","","","","","","","","","","","","","","3428","3459","3502","3552","3598","3644","3648","3653","3657","3656","3655","3628","3602","3576","3558","3549","3533","3540","3568","3597","3642","3681","3733","3810","3899","4020","4133","4252","4376","4482","4578","",
"Malta","MLT","Number of deaths ages 15-19 years","SH.DTH.1519","","","","","","","","","","","","","","","","","","","","","","","","","","","","","","","11","11","11","12","12","12","12","12","12","11","11","11","11","10","10","9","9","9","8","8","7","7","7","6","6","5","5","5","4","4","4","",
"Myanmar","MMR","Number of deaths ages 15-19 years","SH.DTH.1519","","","","","","","","","","","","","","","","","","","","","","","","","","","","","","","13261","13359","13371","13319","13286","13246","13144","13003","12854","12588","12230","11689","11093","10450","9764","9076","8291","7549","13321","6340","5837","5397","4976","4584","4245","3985","3792","3652","3528","3430","3319","",
"Middle East & North Africa (excluding high income)","MNA","Number of deaths ages 15-19 years","SH.DTH.1519","","","","","","","","","","","","","","","","","","","","","","","","","","","","","","","34066","29914","29669","29659","29975","30051","30205","30269","30263","30172","30116","30059","30080","32765","29856","29541","29215","28680","28152","27537","26896","26434","28382","29119","28409","28054","27249","26933","27659","26975","26203","",
"Montenegro","MNE","Number of deaths ages 15-19 years","SH.DTH.1519","","","","","","","","","","","","","","","","","","","","","","","","","","","","","","","25","24","23","22","21","21","21","21","22","22","23","23","22","22","21","20","19","18","17","16","15","14","13","12","12","12","12","12","12","12","12","",
"Mongolia","MNG","Number of deaths ages 15-19 years","SH.DTH.1519","","","","","","","","","","","","","","","","","","","","","","","","","","","","","","","285","307","325","338","343","341","333","318","297","276","260","253","256","264","272","275","270","257","241","226","213","201","192","184","177","170","163","157","151","146","144","",
"Northern Mariana Islands","MNP","Number of deaths ages 15-19 years","SH.DTH.1519","","","","","","","","","","","","","","","","","","","","","","","","","","","","","","","","","","","","","","","","","","","","","","","","","","","","","","","","","","","","","","",
"Mozambique","MOZ","Number of deaths ages 15-19 years","SH.DTH.1519","","","","","","","","","","","","","","","","","","","","","","","","","","","","","","","5688","5835","6020","6215","6407","6571","6803","7006","7154","7237","7261","7222","7153","7042","6951","6872","6799","6722","6661","6637","6632","6625","6630","6646","6700","6729","6777","6817","6868","6919","6933","",
"Mauritania","MRT","Number of deaths ages 15-19 years","SH.DTH.1519","","","","","","","","","","","","","","","","","","","","","","","","","","","","","","","641","650","662","678","696","716","735","755","775","797","819","840","862","883","900","914","922","926","928","929","930","934","938","940","943","947","949","953","958","960","964","",
"Mauritius","MUS","Number of deaths ages 15-19 years","SH.DTH.1519","","","","","","","","","","","","","","","","","","","","","","","","","","","","","","","80","79","77","75","73","70","69","67","65","62","59","57","54","53","52","52","53","55","56","58","58","58","57","56","55","55","55","56","57","58","58","",
"Malawi","MWI","Number of deaths ages 15-19 years","SH.DTH.1519","","","","","","","","","","","","","","","","","","","","","","","","","","","","","","","3777","3934","4081","4227","4381","4547","4729","4886","5011","5081","5098","5061","5011","4953","4868","4757","4618","4476","4331","4210","4106","3993","3886","3783","3675","3582","3491","3411","3349","3294","3275","",
"Malaysia","MYS","Number of deaths ages 15-19 years","SH.DTH.1519","","","","","","","","","","","","","","","","","","","","","","","","","","","","","","","1600","1635","1681","1752","1834","1910","1966","1976","1943","1900","1873","1881","1889","1884","1860","1814","1793","1795","1835","1895","1949","1967","1974","1971","1956","1929","1886","1816","1721","1621","1531","",
"North America","NAC","Number of deaths ages 15-19 years","SH.DTH.1519","","","","","","","","","","","","","","","","","","","","","","","","","","","","","","","17097","16843","16664","16521","16366","16120","15680","15198","14836","14652","14606","14674","14791","14920","15023","15006","14695","14201","13547","12792","12051","11488","11086","10900","10946","11106","11302","11384","11292","11024","10670","",
"Namibia","NAM","Number of deaths ages 15-19 years","SH.DTH.1519","","","","","","","","","","","","","","","","","","","","","","","","","","","","","","","387","396","404","414","423","435","448","461","475","490","505","517","526","535","539","538","533","526","518","509","501","490","481","470","458","444","426","408","391","378","368","",
"New Caledonia","NCL","Number of deaths ages 15-19 years","SH.DTH.1519","","","","","","","","","","","","","","","","","","","","","","","","","","","","","","","","","","","","","","","","","","","","","","","","","","","","","","","","","","","","","","",
"Niger","NER","Number of deaths ages 15-19 years","SH.DTH.1519","","","","","","","","","","","","","","","","","","","","","","","","","","","","","","","3181","3201","3258","3350","3448","3550","3598","3647","3705","3775","3850","3906","3957","4009","4063","4133","4220","4309","4410","4511","4618","4711","4819","4906","4991","5071","5164","5232","5312","5384","5450","",
"Nigeria","NGA","Number of deaths ages 15-19 years","SH.DTH.1519","","","","","","","","","","","","","","","","","","","","","","","","","","","","","","","35721","35731","35770","35857","35843","35804","35592","35428","35235","35095","34923","34742","34542","34377","34280","34195","33971","33866","33816","33835","33963","34155","34478","34898","35433","35901","36289","36680","37065","37378","37583","",
"Nicaragua","NIC","Number of deaths ages 15-19 years","SH.DTH.1519","","","","","","","","","","","","","","","","","","","","","","","","","","","","","","","823","777","780","782","783","785","783","781","967","774","766","754","738","722","705","690","675","662","649","635","620","603","586","568","552","536","522","510","500","491","483","",
"Netherlands","NLD","Number of deaths ages 15-19 years","SH.DTH.1519","","","","","","","","","","","","","","","","","","","","","","","","","","","","","","","441","417","396","378","363","351","344","340","340","339","335","328","317","302","286","271","260","251","242","234","226","220","214","209","204","202","201","202","203","202","200","",
"Norway","NOR","Number of deaths ages 15-19 years","SH.DTH.1519","","","","","","","","","","","","","","","","","","","","","","","","","","","","","","","180","167","154","143","133","127","124","125","130","134","137","137","134","129","124","119","116","115","115","115","112","107","98","89","82","78","77","77","79","81","82","",
"Nepal","NPL","Number of deaths ages 15-19 years","SH.DTH.1519","","","","","","","","","","","","","","","","","","","","","","","","","","","","","","","4054","4042","4029","4002","3963","3909","3823","3744","3668","3605","3557","3456","3739","3323","3500","3274","3257","3240","3230","3233","3241","3266","3307","3344","3368","4157","3291","3176","3061","2943","2842","",
"Nauru","NRU","Number of deaths ages 15-19 years","SH.DTH.1519","","","","","","","","","","","","","","","","","","","","","","","","","","","","","","","2","2","2","2","2","2","2","2","2","2","1","1","1","1","1","1","1","1","1","1","1","1","1","1","1","1","1","1","1","1","1","",
"New Zealand","NZL","Number of deaths ages 15-19 years","SH.DTH.1519","","","","","","","","","","","","","","","","","","","","","","","","","","","","","","","294","274","257","245","237","232","222","213","206","201","198","196","196","196","197","197","197","196","193","189","183","176","168","158","149","139","129","121","114","108","105","",
"OECD members","OED","Number of deaths ages 15-19 years","SH.DTH.1519","","","","","","","","","","","","","","","","","","","","","","","","","","","","","","","72881","71116","69142","67154","65364","64309","62060","60339","58674","58441","55651","54128","52370","50500","48766","47252","46021","45173","44537","43775","42682","41786","39597","37988","36980","36607","36820","36613","36437","36049","35539","",
"Oman","OMN","Number of deaths ages 15-19 years","SH.DTH.1519","","","","","","","","","","","","","","","","","","","","","","","","","","","","","","","142","143","146","150","154","156","166","170","170","167","162","161","161","163","166","169","175","174","169","161","153","154","151","147","140","131","132","130","126","122","119","",
"Other small states","OSS","Number of deaths ages 15-19 years","SH.DTH.1519","","","","","","","","","","","","","","","","","","","","","","","","","","","","","","","3715","3780","3836","3893","3950","4024","4092","4228","4357","4377","4337","4350","4343","4318","4289","4233","4199","4150","4089","4020","3947","3921","3898","3872","3854","3844","3857","3847","3823","3783","3734","",
"Pakistan","PAK","Number of deaths ages 15-19 years","SH.DTH.1519","","","","","","","","","","","","","","","","","","","","","","","","","","","","","","","22552","22247","21967","21666","21364","21097","20865","20645","20387","20124","19880","19662","19617","19944","20712","27860","23420","25184","26557","27380","27605","27477","27270","26834","26336","25925","25426","24899","24393","23965","23469","",
"Panama","PAN","Number of deaths ages 15-19 years","SH.DTH.1519","","","","","","","","","","","","","","","","","","","","","","","","","","","","","","","247","254","262","271","276","275","271","264","256","249","244","241","241","244","250","261","278","299","322","342","353","355","350","340","325","308","292","280","271","263","256","",
"Peru","PER","Number of deaths ages 15-19 years","SH.DTH.1519","","","","","","","","","","","","","","","","","","","","","","","","","","","","","","","4397","4298","4173","4027","3870","3706","3544","3380","3227","3080","2948","2813","2696","2579","2470","2360","2253","2151","2046","1946","1854","1753","1660","1575","1505","1451","1392","1327","1252","1181","1111","",
"Philippines","PHL","Number of deaths ages 15-19 years","SH.DTH.1519","","","","","","","","","","","","","","","","","","","","","","","","","","","","","","","7165","6965","6776","6621","6520","6474","6478","6517","6579","6647","6723","6786","6871","6983","7126","7300","7442","7619","7797","7941","8006","7942","7819","7719","7696","7742","7815","7908","7985","8021","7999","",
"Palau","PLW","Number of deaths ages 15-19 years","SH.DTH.1519","","","","","","","","","","","","","","","","","","","","","","","","","","","","","","","2","2","2","2","2","2","2","2","2","2","2","2","2","2","3","3","3","3","3","3","3","3","2","2","2","2","2","2","2","2","2","",
"Papua New Guinea","PNG","Number of deaths ages 15-19 years","SH.DTH.1519","","","","","","","","","","","","","","","","","","","","","","","","","","","","","","","949","965","981","997","1012","1027","1041","1055","1225","1077","1083","1085","1084","1082","1081","1083","1089","1097","1107","1119","1134","1149","1168","1188","1204","1216","1224","1227","1227","1224","1223","",
"Poland","POL","Number of deaths ages 15-19 years","SH.DTH.1519","","","","","","","","","","","","","","","","","","","","","","","","","","","","","","","1981","2013","2019","2010","1999","1992","1987","1981","1955","1892","1802","1696","1587","1489","1417","1371","1341","1320","1293","1247","1183","1107","1025","938","855","782","725","679","644","620","605","",
"Pre-demographic dividend","PRE","Number of deaths ages 15-19 years","SH.DTH.1519","","","","","","","","","","","","","","","","","","","","","","","","","","","","","","","155771","157984","162067","169451","170163","173831","178050","178127","179881","181437","182745","183473","184180","185081","185576","186306","186404","187072","189273","190296","193109","196257","200255","204971","209747","213689","216814","219337","221155","223239","224034","",
"Puerto Rico","PRI","Number of deaths ages 15-19 years","SH.DTH.1519","","","","","","","","","","","","","","","","","","","","","","","","","","","","","","","","","","","","","","","","","","","","","","","","","","","","","","","","","","","","","","",
"Korea, Dem. People's Rep.","PRK","Number of deaths ages 15-19 years","SH.DTH.1519","","","","","","","","","","","","","","","","","","","","","","","","","","","","","","","3057","3101","3078","2997","2926","2903","2920","2987","3060","3058","2945","2769","2554","2357","2219","2158","2156","2179","2198","2193","2146","2075","1980","1888","1799","1727","1664","1610","1564","1508","1448","",
"Portugal","PRT","Number of deaths ages 15-19 years","SH.DTH.1519","","","","","","","","","","","","","","","","","","","","","","","","","","","","","","","790","788","762","722","681","645","608","570","528","484","438","392","351","314","283","257","234","215","198","183","169","154","141","131","124","119","117","115","115","115","116","",
"Paraguay","PRY","Number of deaths ages 15-19 years","SH.DTH.1519","","","","","","","","","","","","","","","","","","","","","","","","","","","","","","","578","581","586","595","606","618","631","645","660","675","687","696","704","710","715","715","715","711","705","698","693","686","680","674","666","655","641","623","603","586","573","",
"West Bank and Gaza","PSE","Number of deaths ages 15-19 years","SH.DTH.1519","","","","","","","","","","","","","","","","","","","","","","","","","","","","","","","245","233","238","244","250","271","263","269","276","282","288","294","299","304","310","317","326","337","348","356","362","365","366","364","536","358","353","348","383","340","339","",
"Pacific island small states","PSS","Number of deaths ages 15-19 years","SH.DTH.1519","","","","","","","","","","","","","","","","","","","","","","","","","","","","","","","242","239","239","240","241","243","243","244","243","246","245","243","242","238","235","233","232","228","228","236","224","222","220","216","213","212","211","208","208","207","207","",
"Post-demographic dividend","PST","Number of deaths ages 15-19 years","SH.DTH.1519","","","","","","","","","","","","","","","","","","","","","","","","","","","","","","","48320","47321","47833","46548","44567","42433","40931","39525","38257","37199","36308","35488","34545","33562","32698","31901","30974","29798","28356","26731","25072","24131","22516","21732","21395","21026","20894","20740","20492","20123","19703","",
"French Polynesia","PYF","Number of deaths ages 15-19 years","SH.DTH.1519","","","","","","","","","","","","","","","","","","","","","","","","","","","","","","","","","","","","","","","","","","","","","","","","","","","","","","","","","","","","","","",
"Qatar","QAT","Number of deaths ages 15-19 years","SH.DTH.1519","","","","","","","","","","","","","","","","","","","","","","","","","","","","","","","22","23","23","22","21","20","22","23","26","28","30","33","35","37","38","41","58","66","64","54","41","55","62","62","56","47","48","47","44","40","35","",
"Romania","ROU","Number of deaths ages 15-19 years","SH.DTH.1519","","","","","","","","","","","","","","","","","","","","","","","","","","","","","","","1441","1335","1296","1301","1316","1315","1295","1245","1168","1074","984","916","920","976","1043","1084","1075","1025","933","811","684","576","511","480","467","461","454","442","426","407","386","",
"Russian Federation","RUS","Number of deaths ages 15-19 years","SH.DTH.1519","","","","","","","","","","","","","","","","","","","","","","","","","","","","","","","11383","12132","13439","14971","15924","17423","15602","15740","16327","16962","17312","17190","16606","15751","14891","14093","13155","11823","10309","8948","7870","6952","6227","5633","5102","4622","4235","3994","3894","3922","4053","",
"Rwanda","RWA","Number of deaths ages 15-19 years","SH.DTH.1519","","","","","","","","","","","","","","","","","","","","","","","","","","","","","","","5152","5372","5553","5698","66046","6151","6246","6224","5944","5411","4760","4131","3567","3112","2751","2464","2210","2003","1845","1726","1655","1609","1581","1559","1524","1469","1393","1300","1201","1117","1060","",
"South Asia","SAS","Number of deaths ages 15-19 years","SH.DTH.1519","","","","","","","","","","","","","","","","","","","","","","","","","","","","","","","251443","254497","243904","241245","239424","238393","237793","237538","237037","236303","235176","233119","231202","228628","228747","230440","222016","219266","215724","211344","206320","200919","195720","190963","186482","182946","177600","172885","168134","163569","159338","",
"Saudi Arabia","SAU","Number of deaths ages 15-19 years","SH.DTH.1519","","","","","","","","","","","","","","","","","","","","","","","","","","","","","","","2187","2168","2180","2236","2316","2419","2525","2574","2569","2524","2480","2543","2614","2690","2754","2805","2883","2931","2960","2957","2931","2841","2715","2582","2443","2319","2263","2198","2135","2062","1997","",
"Sudan","SDN","Number of deaths ages 15-19 years","SH.DTH.1519","","","","","","","","","","","","","","","","","","","","","","","","","","","","","","","8427","8628","8838","9047","9230","9373","9450","9490","9505","9493","9467","9412","9344","9291","9261","9267","9250","9273","10306","9420","9517","9620","9720","9819","9911","9984","10029","10068","10108","10144","10150","",
"Senegal","SEN","Number of deaths ages 15-19 years","SH.DTH.1519","","","","","","","","","","","","","","","","","","","","","","","","","","","","","","","2000","2057","2112","2171","2234","2298","2352","2415","2481","2543","2602","2632","2654","2669","2680","2689","2672","2653","2628","2605","2582","2548","2521","2497","2483","2471","2457","2448","2444","2439","2449","",
"Singapore","SGP","Number of deaths ages 15-19 years","SH.DTH.1519","","","","","","","","","","","","","","","","","","","","","","","","","","","","","","","122","109","100","94","90","86","84","83","84","86","88","87","85","83","82","81","78","77","79","81","83","80","77","74","73","72","68","63","57","52","48","",
"Solomon Islands","SLB","Number of deaths ages 15-19 years","SH.DTH.1519","","","","","","","","","","","","","","","","","","","","","","","","","","","","","","","45","46","47","47","48","48","48","48","48","49","49","49","50","51","51","52","53","53","54","54","54","55","56","57","57","58","58","58","59","59","59","",
"Sierra Leone","SLE","Number of deaths ages 15-19 years","SH.DTH.1519","","","","","","","","","","","","","","","","","","","","","","","","","","","","","","","2452","2426","2379","2329","2274","2452","2188","2136","2100","2123","2193","2299","2447","2624","2793","2947","3040","3107","3145","3168","3188","3205","3241","3296","3342","3365","3340","3288","3231","3191","3173","",
"El Salvador","SLV","Number of deaths ages 15-19 years","SH.DTH.1519","","","","","","","","","","","","","","","","","","","","","","","","","","","","","","","1177","900","858","865","912","965","987","966","918","861","810","775","763","779","823","880","926","956","974","978","967","937","920","950","1034","1108","1090","976","813","652","529","",
"San Marino","SMR","Number of deaths ages 15-19 years","SH.DTH.1519","","","","","","","","","","","","","","","","","","","","","","","","","","","","","","","1","1","1","1","1","1","1","1","1","1","1","1","1","0","0","0","0","0","0","0","0","0","0","0","0","0","0","0","0","0","0","",
"Somalia","SOM","Number of deaths ages 15-19 years","SH.DTH.1519","","","","","","","","","","","","","","","","","","","","","","","","","","","","","","","3595","3527","3461","3418","3403","3418","3463","3542","3648","3775","3919","4065","4235","4424","4621","4819","4998","5155","5284","5409","5552","5675","5806","5944","6482","6173","6228","6246","6247","6266","6300","",
"Serbia","SRB","Number of deaths ages 15-19 years","SH.DTH.1519","","","","","","","","","","","","","","","","","","","","","","","","","","","","","","","434","506","512","459","404","375","369","390","417","416","375","331","302","290","289","292","291","277","255","231","211","196","186","179","171","163","158","158","160","161","160","",
"Sub-Saharan Africa (excluding high income)","SSA","Number of deaths ages 15-19 years","SH.DTH.1519","","","","","","","","","","","","","","","","","","","","","","","","","","","","","","","197757","198823","204306","212846","274836","219577","225005","226239","228808","233295","231859","231783","231633","231636","231233","231049","230048","229466","230238","229722","230840","231986","233919","236234","239090","241086","242632","244077","245094","246254","246727","",
"South Sudan","SSD","Number of deaths ages 15-19 years","SH.DTH.1519","","","","","","","","","","","","","","","","","","","","","","","","","","","","","","","3429","3323","3201","3081","2981","2907","2882","2891","2919","2956","2993","3019","3050","3088","3132","3178","3235","3295","3349","3392","3422","3427","3450","3501","3563","3619","3647","3656","3661","3678","3717","",
"Sub-Saharan Africa","SSF","Number of deaths ages 15-19 years","SH.DTH.1519","","","","","","","","","","","","","","","","","","","","","","","","","","","","","","","197761","198828","204311","212851","274841","219582","225010","226244","228814","233301","231865","231789","231639","231642","231239","231054","230053","229471","230243","229728","230846","231992","233925","236240","239096","241093","242639","244084","245101","246261","246734","",
"Small states","SST","Number of deaths ages 15-19 years","SH.DTH.1519","","","","","","","","","","","","","","","","","","","","","","","","","","","","","","","4582","4632","4673","4722","4774","4849","4919","5061","5195","5221","5180","5190","5177","5150","5120","5069","5037","4992","4934","4876","4786","4753","4717","4680","4650","4630","4628","4597","4568","4520","4440","",
"Sao Tome and Principe","STP","Number of deaths ages 15-19 years","SH.DTH.1519","","","","","","","","","","","","","","","","","","","","","","","","","","","","","","","25","26","26","28","28","29","29","29","28","28","27","27","27","27","27","27","26","26","26","26","26","27","28","28","29","29","29","29","30","30","30","",
"Suriname","SUR","Number of deaths ages 15-19 years","SH.DTH.1519","","","","","","","","","","","","","","","","","","","","","","","","","","","","","","","50","50","49","47","45","42","41","40","40","40","40","40","40","41","41","42","43","44","45","46","46","46","45","45","45","45","45","46","48","49","50","",
"Slovak Republic","SVK","Number of deaths ages 15-19 years","SH.DTH.1519","","","","","","","","","","","","","","","","","","","","","","","","","","","","","","","251","254","256","257","255","251","245","237","227","218","209","200","193","186","179","172","166","159","153","146","139","132","125","118","111","106","101","98","96","94","93","",
"Slovenia","SVN","Number of deaths ages 15-19 years","SH.DTH.1519","","","","","","","","","","","","","","","","","","","","","","","","","","","","","","","96","97","98","100","100","99","96","93","88","84","80","75","71","67","63","58","53","48","44","39","36","33","31","29","28","26","25","24","23","21","21","",
"Sweden","SWE","Number of deaths ages 15-19 years","SH.DTH.1519","","","","","","","","","","","","","","","","","","","","","","","","","","","","","","","257","233","211","193","178","168","162","160","161","163","167","173","179","184","187","188","188","187","185","180","173","163","151","137","126","119","117","119","123","128","132","",
"Eswatini","SWZ","Number of deaths ages 15-19 years","SH.DTH.1519","","","","","","","","","","","","","","","","","","","","","","","","","","","","","","","219","218","217","216","217","220","224","230","238","244","249","246","242","238","236","237","237","238","242","246","250","250","250","248","245","243","238","233","228","225","224","",
"Sint Maarten (Dutch part)","SXM","Number of deaths ages 15-19 years","SH.DTH.1519","","","","","","","","","","","","","","","","","","","","","","","","","","","","","","","","","","","","","","","","","","","","","","","","","","","","","","","","","","","","","","",
"Seychelles","SYC","Number of deaths ages 15-19 years","SH.DTH.1519","","","","","","","","","","","","","","","","","","","","","","","","","","","","","","","4","5","5","5","5","5","5","5","6","6","6","6","6","6","6","5","5","5","5","6","6","6","6","6","6","7","7","7","7","7","7","",
"Syrian Arab Republic","SYR","Number of deaths ages 15-19 years","SH.DTH.1519","","","","","","","","","","","","","","","","","","","","","","","","","","","","","","","2419","2393","2360","2310","2239","2147","2031","1893","1736","1571","1410","1270","1169","1111","1103","1141","1203","1252","1279","1290","1290","1520","4163","5325","5306","4209","3679","3022","2192","1515","1299","",
"Turks and Caicos Islands","TCA","Number of deaths ages 15-19 years","SH.DTH.1519","","","","","","","","","","","","","","","","","","","","","","","","","","","","","","","","","","","","","","","","","","","","","","","","","","","","","","","","","","","","","","",
"Chad","TCD","Number of deaths ages 15-19 years","SH.DTH.1519","","","","","","","","","","","","","","","","","","","","","","","","","","","","","","","3486","3020","3116","3211","3304","3401","3488","3582","3678","3776","3874","3963","4059","4155","4257","4367","4475","4598","4734","4868","5017","5146","5282","5434","5557","5649","5706","5746","5779","5791","5826","",
"East Asia & Pacific (IDA & IBRD countries)","TEA","Number of deaths ages 15-19 years","SH.DTH.1519","","","","","","","","","","","","","","","","","","","","","","","","","","","","","","","201116","191133","181082","171482","163104","156002","149851","144339","140405","137667","136476","135659","135994","136114","145431","130701","124500","116875","115313","101851","96102","91524","87738","84655","81993","79567","77465","75308","73173","71012","68898","",
"Europe & Central Asia (IDA & IBRD countries)","TEC","Number of deaths ages 15-19 years","SH.DTH.1519","","","","","","","","","","","","","","","","","","","","","","","","","","","","","","","36737","37852","41791","43944","43460","43482","40045","39461","39266","40394","38627","37547","36002","34248","32701","31380","29932","27918","25642","23363","21523","19820","18418","17288","16502","15596","15029","14121","13554","13174","13274","",
"Togo","TGO","Number of deaths ages 15-19 years","SH.DTH.1519","","","","","","","","","","","","","","","","","","","","","","","","","","","","","","","997","1027","1061","1103","1151","1206","1262","1324","1379","1428","1468","1494","1511","1517","1518","1510","1494","1470","1444","1415","1391","1364","1343","1327","1318","1314","1314","1312","1318","1325","1325","",
"Thailand","THA","Number of deaths ages 15-19 years","SH.DTH.1519","","","","","","","","","","","","","","","","","","","","","","","","","","","","","","","8651","9078","9611","10245","10851","11029","10175","8965","7980","7444","7280","7423","7665","7791","7692","7460","7153","6874","6648","6461","6269","6083","5917","5836","5863","5938","5939","5863","5700","5473","5226","",
"Tajikistan","TJK","Number of deaths ages 15-19 years","SH.DTH.1519","","","","","","","","","","","","","","","","","","","","","","","","","","","","","","","412","459","640","874","927","804","690","653","633","580","557","454","431","425","426","424","413","399","399","429","512","506","408","359","359","379","353","271","195","153","133","",
"Turkmenistan","TKM","Number of deaths ages 15-19 years","SH.DTH.1519","","","","","","","","","","","","","","","","","","","","","","","","","","","","","","","395","416","440","464","488","509","526","537","544","548","551","558","573","592","611","622","619","603","579","555","533","515","496","476","461","451","444","442","441","439","432","",
"Latin America & the Caribbean (IDA & IBRD countries)","TLA","Number of deaths ages 15-19 years","SH.DTH.1519","","","","","","","","","","","","","","","","","","","","","","","","","","","","","","","53939","53428","53474","53865","54483","55092","55414","55562","56624","56986","56242","56316","55968","55212","54272","53565","53443","54086","55231","56401","75084","57643","57521","57174","56887","56618","55776","54358","52492","50451","48552","",
"Timor-Leste","TLS","Number of deaths ages 15-19 years","SH.DTH.1519","","","","","","","","","","","","","","","","","","","","","","","","","","","","","","","150","156","161","164","168","173","177","181","182","176","165","149","135","124","116","112","111","114","121","131","147","169","199","240","296","361","421","462","486","496","494","",
"Middle East & North Africa (IDA & IBRD countries)","TMN","Number of deaths ages 15-19 years","SH.DTH.1519","","","","","","","","","","","","","","","","","","","","","","","","","","","","","","","33821","29681","29431","29415","29725","29780","29942","30000","29987","29890","29828","29765","29781","32461","29546","29224","28889","28343","27804","27181","26534","26069","28016","28755","27873","27696","26896","26585","27276","26635","25864","",
"Tonga","TON","Number of deaths ages 15-19 years","SH.DTH.1519","","","","","","","","","","","","","","","","","","","","","","","","","","","","","","","5","5","5","5","6","6","6","7","7","8","9","9","9","9","9","9","9","9","9","9","9","8","8","7","7","7","7","7","7","7","7","",
"South Asia (IDA & IBRD)","TSA","Number of deaths ages 15-19 years","SH.DTH.1519","","","","","","","","","","","","","","","","","","","","","","","","","","","","","","","251443","254497","243904","241245","239424","238393","237793","237538","237037","236303","235176","233119","231202","228628","228747","230440","222016","219266","215724","211344","206320","200919","195720","190963","186482","182946","177600","172885","168134","163569","159338","",
"Sub-Saharan Africa (IDA & IBRD countries)","TSS","Number of deaths ages 15-19 years","SH.DTH.1519","","","","","","","","","","","","","","","","","","","","","","","","","","","","","","","197761","198828","204311","212851","274841","219582","225010","226244","228814","233301","231865","231789","231639","231642","231239","231054","230053","229471","230243","229728","230846","231992","233925","236240","239096","241093","242639","244084","245101","246261","246734","",
"Trinidad and Tobago","TTO","Number of deaths ages 15-19 years","SH.DTH.1519","","","","","","","","","","","","","","","","","","","","","","","","","","","","","","","93","94","93","94","96","99","103","108","114","119","123","125","126","126","127","128","128","129","126","120","111","103","95","89","85","84","85","86","96","89","89","",
"Tunisia","TUN","Number of deaths ages 15-19 years","SH.DTH.1519","","","","","","","","","","","","","","","","","","","","","","","","","","","","","","","632","639","649","661","673","683","689","692","692","688","681","672","661","646","627","605","576","547","520","496","475","456","443","434","432","437","448","465","482","489","487","",
"Turkiye","TUR","Number of deaths ages 15-19 years","SH.DTH.1519","","","","","","","","","","","","","","","","","","","","","","","","","","","","","","","10873","10519","10116","9674","9253","9382","8418","7990","7550","8413","6656","6208","5765","5329","4927","4556","4231","3948","3711","3523","3384","3281","3215","3185","3177","3159","3311","3011","2869","2694","2525","",
"Tuvalu","TUV","Number of deaths ages 15-19 years","SH.DTH.1519","","","","","","","","","","","","","","","","","","","","","","","","","","","","","","","1","1","1","1","1","1","1","1","1","1","1","1","1","1","1","1","1","1","1","1","1","1","1","1","1","1","1","1","1","1","1","",
"Tanzania","TZA","Number of deaths ages 15-19 years","SH.DTH.1519","","","","","","","","","","","","","","","","","","","","","","","","","","","","","","","7403","8101","8799","9412","9906","10265","10445","10524","10563","10556","10495","10362","10159","9921","9619","9285","8883","8521","8254","8102","8058","8136","8366","8677","9056","9426","9702","9919","10096","10217","10334","",
"Uganda","UGA","Number of deaths ages 15-19 years","SH.DTH.1519","","","","","","","","","","","","","","","","","","","","","","","","","","","","","","","7003","7511","8029","8526","8947","9270","9501","9623","9673","9671","9604","9456","9284","9103","8935","8795","8659","8616","8643","8795","9072","9429","9947","10537","11273","12052","12776","13331","13734","14085","14337","",
"Ukraine","UKR","Number of deaths ages 15-19 years","SH.DTH.1519","","","","","","","","","","","","","","","","","","","","","","","","","","","","","","","3195","3276","3439","3637","3766","3761","3659","3520","3407","3368","3396","3363","3167","2898","2705","2628","2587","2451","2222","1963","1725","1538","1423","1349","1378","1167","1070","997","953","941","958","",
"Upper middle income","UMC","Number of deaths ages 15-19 years","SH.DTH.1519","","","","","","","","","","","","","","","","","","","","","","","","","","","","","","","223562","214080","208561","201851","194052","188177","179702","174232","170301","169402","167174","166608","166588","165819","163103","157995","151405","143134","134675","127106","121131","116122","112047","109027","106057","103610","101354","98272","95038","91968","89073","",
"Uruguay","URY","Number of deaths ages 15-19 years","SH.DTH.1519","","","","","","","","","","","","","","","","","","","","","","","","","","","","","","","202","204","209","214","219","222","222","217","208","197","185","174","165","160","158","160","165","173","183","193","201","205","204","199","192","186","181","178","175","173","171","",
"United States","USA","Number of deaths ages 15-19 years","SH.DTH.1519","","","","","","","","","","","","","","","","","","","","","","","","","","","","","","","15778","15586","15460","15359","15234","15010","14588","14120","13770","13598","13566","13646","13778","13921","14036","14032","13732","13256","12626","11904","11202","10665","10291","10131","10199","10377","10583","10675","10596","10345","10009","",
"Uzbekistan","UZB","Number of deaths ages 15-19 years","SH.DTH.1519","","","","","","","","","","","","","","","","","","","","","","","","","","","","","","","1805","1896","1983","2061","2124","2173","2213","2255","2297","2323","2319","2270","2170","2048","1942","1872","1835","1826","1837","1858","1881","1897","1911","1924","1942","1962","1967","1934","1863","1766","1663","",
"St. Vincent and the Grenadines","VCT","Number of deaths ages 15-19 years","SH.DTH.1519","","","","","","","","","","","","","","","","","","","","","","","","","","","","","","","9","9","9","9","9","9","9","9","8","8","8","8","7","7","7","7","7","7","7","8","8","8","8","9","9","10","10","11","11","11","11","",
"Venezuela, RB","VEN","Number of deaths ages 15-19 years","SH.DTH.1519","","","","","","","","","","","","","","","","","","","","","","","","","","","","","","","2122","2311","2520","2691","2753","2715","2640","2589","2640","3930","3268","3705","4069","4320","4441","4505","4635","4892","5164","5325","5379","5407","5472","5580","5723","5838","5714","5498","5291","5161","5116","",
"British Virgin Islands","VGB","Number of deaths ages 15-19 years","SH.DTH.1519","","","","","","","","","","","","","","","","","","","","","","","","","","","","","","","","","","","","","","","","","","","","","","","","","","","","","","","","","","","","","","",
"Virgin Islands (U.S.)","VIR","Number of deaths ages 15-19 years","SH.DTH.1519","","","","","","","","","","","","","","","","","","","","","","","","","","","","","","","","","","","","","","","","","","","","","","","","","","","","","","","","","","","","","","",
"Vietnam","VNM","Number of deaths ages 15-19 years","SH.DTH.1519","","","","","","","","","","","","","","","","","","","","","","","","","","","","","","","8884","8639","8384","8139","7921","7731","7563","7436","7363","7314","7273","7269","7252","7222","7169","7119","7042","6961","6840","6649","6363","5995","5575","5128","4726","4409","4159","3980","3848","3752","3661","",
"Vanuatu","VUT","Number of deaths ages 15-19 years","SH.DTH.1519","","","","","","","","","","","","","","","","","","","","","","","","","","","","","","","17","18","18","18","18","19","19","20","20","21","21","22","22","22","23","23","24","24","24","24","24","25","26","27","27","27","27","27","28","28","29","",
"World","WLD","Number of deaths ages 15-19 years","SH.DTH.1519","","","","","","","","","","","","","","","","","","","","","","","","","","","","","","","825435","815888","801882","799242","850185","786410","781045","775051","773001","774371","766988","762123","757660","754557","757436","741137","722878","709100","701969","680504","685535","656234","647927","640750","634092","628231","620002","611748","603857","594701","585664","",
"Samoa","WSM","Number of deaths ages 15-19 years","SH.DTH.1519","","","","","","","","","","","","","","","","","","","","","","","","","","","","","","","37","34","32","30","28","27","25","24","22","21","20","19","19","18","17","17","17","16","16","26","15","15","15","14","14","14","14","14","13","13","13","",
"Kosovo","XKX","Number of deaths ages 15-19 years","SH.DTH.1519","","","","","","","","","","","","","","","","","","","","","","","","","","","","","","","","","","","","","","","","","","","","","","","","","","","","","","","","","","","","","","",
"Yemen, Rep.","YEM","Number of deaths ages 15-19 years","SH.DTH.1519","","","","","","","","","","","","","","","","","","","","","","","","","","","","","","","1902","1933","1982","2051","2284","2229","2327","2420","2506","2585","2661","2733","2799","2861","2923","2986","3039","3095","3148","3195","3236","3270","3287","3290","3297","4636","4506","4702","5979","5525","5040","",
"South Africa","ZAF","Number of deaths ages 15-19 years","SH.DTH.1519","","","","","","","","","","","","","","","","","","","","","","","","","","","","","","","6263","6416","6620","6846","7123","7456","7890","8369","8886","9403","9884","10334","10700","10957","11037","10959","10700","10300","9811","9305","8829","8417","8093","7849","7673","7545","7450","7359","7261","7184","7126","",
"Zambia","ZMB","Number of deaths ages 15-19 years","SH.DTH.1519","","","","","","","","","","","","","","","","","","","","","","","","","","","","","","","3468","3617","3763","3898","4008","4094","4148","4175","4182","4177","4166","4109","4064","4016","3969","3932","3869","3819","3786","3774","3779","3783","3791","3811","3844","3872","3897","3930","3957","3971","3985","",
"Zimbabwe","ZWE","Number of deaths ages 15-19 years","SH.DTH.1519","","","","","","","","","","","","","","","","","","","","","","","","","","","","","","","1859","2030","2225","2433","2647","2844","3014","3164","3287","3401","3507","3553","3594","3633","3650","3645","3572","3486","3401","3329","3280","3206","3159","3150","3167","3197","3192","3197","3198","3196","3205","",
